{"_timestamp":1.751263558107504e+09,"bdtscore2 cut":0.02,"_runtime":4.703047986,"_wandb":{"runtime":4},"Max S/sqrt(B)":3.2005780946609605,"_step":176,"train_logloss":0.00197515818271199,"test_logloss":0.00198252129546803,"iteration":175,"Test ROC AUC":0.935520647260616,"Acceptance":0.45940394425480163}