{"_timestamp":1.750982410633856e+09,"_runtime":7.906942069,"_step":0,"_wandb":{"runtime":7},"Test ROC AUC":0.9770331298755797,"Max S/sqrt(B)":3.259495793022586}