{"_wandb":{"runtime":4},"_runtime":3.789836708,"_timestamp":1.7458524102470043e+09,"Train LogLoss":0.0059743814657680135,"Train Accuracy":0.9984351395108322,"Test LogLoss":0.007954913153035391,"Test Accuracy":0.9984347406161647,"Test ROC AUC":0.9546392732637079,"_step":0,"Train ROC AUC":0.9859274121550513}