{"train_logloss":0.0011590656364767,"_wandb":{"runtime":10},"iteration":350,"_timestamp":1.7509855587942028e+09,"test_logloss":0.00127903922882773,"_runtime":10.924295792,"_step":351,"Max S/sqrt(B)":3.817896321045814,"Acceptance":0.4663140613752877,"bdtscore2 cut":0.03,"Test ROC AUC":0.9788994507508959}