{"_timestamp":1.7458528382988157e+09,"Train ROC AUC":0.9577445955657492,"Train LogLoss":0.016673985247890835,"_wandb":{"runtime":7},"Train Accuracy":0.9972733764948448,"_step":0,"Test LogLoss":0.08034800464947717,"_runtime":6.229388349,"Test Accuracy":0.9964890459919533,"Test ROC AUC":0.8881178236016615}