{"_wandb":{"runtime":8},"Test ROC AUC":0.8072773272884612,"Max S/sqrt(B)":0.32307960704047073,"_timestamp":1.7509825335538254e+09,"_runtime":8.31852083,"_step":0}