{"Max S/sqrt(B)":2.2911804034152676,"_timestamp":1.7509825990004683e+09,"_runtime":7.416658666,"_wandb":{"runtime":7},"_step":0,"Test ROC AUC":0.8073663285447746}