{"Acceptance":0.38671868141409915,"_wandb":{"runtime":15},"bdtscore2 cut":0.03,"_timestamp":1.7509841976863027e+09,"_runtime":15.891182156,"_step":0,"Test ROC AUC":0.9752172484645621,"Max S/sqrt(B)":3.2452660525724926}