{"Best CV neg_log_loss":0.9660778122141318,"_timestamp":1.7502009299148955e+09,"_runtime":295.470831233,"_step":0,"_wandb":{"runtime":301}}