{"_step":0,"_wandb":{"runtime":8},"Test ROC AUC":0.9689891194759008,"Max S/sqrt(B)":3.31169386339002,"Acceptance":0.3920932782077151,"bdtscore2 cut":0.03,"_timestamp":1.7509842104619408e+09,"_runtime":8.34658244}