{"_wandb":{"runtime":10},"_step":0,"Test ROC AUC":0.9791658891983088,"Max S/sqrt(B)":7.289034628349446,"_timestamp":1.7509825859873192e+09,"_runtime":10.094678875}