{"bdtscore2 cut":0.04,"Test ROC AUC":0.9778181493781448,"test_logloss":0.00129472889746236,"iteration":189,"_wandb":{"runtime":8},"Acceptance":0.39162650000801963,"train_logloss":0.00116297264747989,"Max S/sqrt(B)":3.8230311011433824,"_runtime":8.538890563,"_step":190,"_timestamp":1.7509854390726144e+09}