{"Test ROC AUC":0.9781327569028068,"_wandb":{"runtime":8},"Max S/sqrt(B)":3.7394979909174793,"_timestamp":1.7509822425795357e+09,"_runtime":8.663122141,"_step":0}