{"Test Accuracy":0.9984347406161647,"Test LogLoss":0.00814001434907943,"Test ROC AUC":0.9523561146668926,"_wandb":{"runtime":4},"_runtime":3.861485382,"Train LogLoss":0.006029732786930791,"Train ROC AUC":0.9857494296737574,"Train Accuracy":0.9984345378728126,"_step":0,"_timestamp":1.7458522037788162e+09}