{"Acceptance":0.3978674058087785,"iteration":332,"train_logloss":0.00124086198559112,"_runtime":10.361956998,"test_logloss":0.00130149038382003,"_wandb":{"runtime":10},"bdtscore2 cut":0.03,"Test ROC AUC":0.9763604190854355,"Max S/sqrt(B)":3.321690010378075,"_step":333,"_timestamp":1.7509855736037955e+09}