{"Train Accuracy":0.9984345378728126,"_step":0,"Test ROC AUC":0.9496354467801953,"_timestamp":1.745852830139428e+09,"_wandb":{"runtime":4},"Test LogLoss":0.008250709311694773,"Train LogLoss":0.005918529657354275,"Train ROC AUC":0.9865338173608499,"Test Accuracy":0.9984347406161647,"_runtime":4.127037176}