{"_wandb":{"runtime":8},"_timestamp":1.7509851888629785e+09,"_runtime":8.249268927,"Acceptance":0.5115011844427204,"bdtscore2 cut":0.11,"test_logloss":0.0933934214307281,"iteration":13,"Test ROC AUC":0.8073542165519038,"Max S/sqrt(B)":2.032178730240219,"_step":14,"train_logloss":0.09339833177640251}