{"_timestamp":1.7509825641110911e+09,"_runtime":8.336021237,"_step":0,"_wandb":{"runtime":8},"Test ROC AUC":0.8077032585158057,"Max S/sqrt(B)":2.6246638963566573}