{"_runtime":5.409806884,"iteration":246,"Test ROC AUC":0.9786561360220108,"test_logloss":0.00127676351950344,"_wandb":{"runtime":5},"Acceptance":0.3832213849851428,"bdtscore2 cut":0.03,"_timestamp":1.751263538417783e+09,"train_logloss":0.00125581110481612,"_step":247,"Max S/sqrt(B)":3.4197677882701996}