{"iteration":250,"_runtime":4.767590093,"test_logloss":0.00168822301924898,"_wandb":{"runtime":4},"train_logloss":0.0016850716913805,"bdtscore2 cut":0.02,"_timestamp":1.7512635070132167e+09,"Max S/sqrt(B)":2.5911577442349882,"Test ROC AUC":0.9645483623227591,"_step":251,"Acceptance":0.35991778752329007}