{"Test Accuracy":0.9722464771135213,"train_error":0.02996608540903432,"test_logloss":0.14340914648050537,"Test ROC AUC":0.9854111233541818,"ROC Curve":{"_type":"image-file","sha256":"27b6ab3fddd422d63af5ef59aa7bfd378efa246519a4283334389df0a5cec2c5","size":39492,"path":"media/images/ROC Curve_38_27b6ab3fddd422d63af5.png","format":"png","width":700,"height":700},"_wandb":{"runtime":126},"test_auc":0.9853582364901933,"_timestamp":1.7452501282286646e+09,"_step":38,"iteration":35,"Test LogLoss":0.1608511579638493,"Train ROC AUC":0.9896266563548481,"train_auc":0.9900301741546105,"train_logloss":0.1096924989520506,"_runtime":121.73695721,"Train LogLoss":0.13369624769921318,"test_error":0.04645114706420977,"Best CV neg_log_loss":0.9906774063042942,"Train Accuracy":0.9719059110333795}