{"_step":0,"_wandb":{"runtime":7},"Test ROC AUC":0.8715585759726225,"Max S/sqrt(B)":2.6599832216679804,"_timestamp":1.7509825527685988e+09,"_runtime":7.413734386}