{"_timestamp":1.750982311803908e+09,"_runtime":6.544799072,"_step":0,"_wandb":{"runtime":6},"Test ROC AUC":0.9231597394271622,"Max S/sqrt(B)":3.390952828575686}