{"Max S/sqrt(B)":0.785919672748954,"_timestamp":1.750982201387998e+09,"_runtime":8.149998543,"_step":0,"Test ROC AUC":0.8077626426644924,"_wandb":{"runtime":8}}