{"iteration":14,"_timestamp":1.7509853929402184e+09,"Acceptance":0.2586389326379105,"bdtscore2 cut":0.11,"_wandb":{"runtime":8},"_runtime":8.581302058,"_step":15,"train_logloss":0.0908339996462044,"test_logloss":0.09082910061254292,"Test ROC AUC":0.807357449786022,"Max S/sqrt(B)":2.3972968959550762}