{"Test Accuracy":0.9688239637702115,"_step":86,"ROC Curve":{"format":"png","width":700,"height":700,"_type":"image-file","sha256":"a6752e1b3f9026cad1c79571e40567aaca4677c43704b91a5dec0297c5acb395","size":39846,"path":"media/images/ROC Curve_86_a6752e1b3f9026cad1c7.png"},"Train ROC AUC":0.987458047462692,"_runtime":128.017335212,"Train LogLoss":0.12088797219241804,"test_logloss":0.15570804226952834,"train_auc":0.9877866762596631,"iteration":83,"test_auc":0.9822249878247238,"Best CV neg_log_loss":0.9885739065281033,"_timestamp":1.7452483318976254e+09,"test_error":0.05297759073885596,"Train Accuracy":0.96885680954968,"train_logloss":0.11862838099358361,"Test ROC AUC":0.9823902196308457,"Test LogLoss":0.15519163513999495,"_wandb":{"runtime":1801},"train_error":0.03999323232708392}