{"_step":0,"Test ROC AUC":0.9773713756284298,"Max S/sqrt(B)":3.654657467068107,"_timestamp":1.7509824800059786e+09,"_runtime":10.843754797999999,"_wandb":{"runtime":10}}