{"_step":0,"_wandb":{"runtime":230},"Best CV neg_log_loss":0.9778276236641801,"_timestamp":1.7494469171912267e+09,"_runtime":226.372129639}