{"_step":0,"_wandb":{"runtime":201},"Best CV neg_log_loss":0.9769031911371358,"_timestamp":1.7458006834853048e+09,"_runtime":197.026981136}