{"_timestamp":1.7512634051131182e+09,"Max S/sqrt(B)":2.493208972990808,"_runtime":5.610420509,"test_logloss":0.08796666550812635,"_wandb":{"runtime":5},"Acceptance":0.308160248420102,"Test ROC AUC":0.8145974845161436,"bdtscore2 cut":0.1,"train_logloss":0.08796168825147377,"iteration":24,"_step":25}