{"_timestamp":1.7509822575637658e+09,"_runtime":8.400760099,"_step":0,"_wandb":{"runtime":8},"Test ROC AUC":0.9780060103812528,"Max S/sqrt(B)":4.068060135954762}