{"_runtime":8.374483881,"_timestamp":1.7509852552737305e+09,"Max S/sqrt(B)":6.09603048855573,"test_logloss":0.00130978700825751,"Test ROC AUC":0.97838744735025,"_wandb":{"runtime":8},"bdtscore2 cut":0.11,"train_logloss":0.00101182540872865,"iteration":157,"_step":158,"Acceptance":0.2256233249126186}