{"_wandb":{"runtime":8},"_step":171,"Test ROC AUC":0.9778079185684739,"_runtime":8.176808378,"Max S/sqrt(B)":3.8068745049177393,"_timestamp":1.7509852142651546e+09,"bdtscore2 cut":0.03,"train_logloss":0.00117093885313404,"test_logloss":0.00128815227137713,"iteration":170,"Acceptance":0.4594048108085309}