{"_timestamp":1.7509823031988785e+09,"_runtime":8.158457284,"_step":0,"_wandb":{"runtime":8},"Test ROC AUC":0.8074791680678963,"Max S/sqrt(B)":0.32307960704047073}