{"_wandb":{"runtime":7},"Test ROC AUC":0.8074192157416399,"Max S/sqrt(B)":2.6009651834679803,"_timestamp":1.750982231469696e+09,"_runtime":7.7471828,"_step":0}