{"iteration":234,"Max S/sqrt(B)":3.4984085695867604,"_timestamp":1.7512634767908115e+09,"_runtime":5.274233749,"Test ROC AUC":0.9805008523183378,"bdtscore2 cut":0.03,"_step":235,"test_logloss":0.00126690600575455,"_wandb":{"runtime":5},"Acceptance":0.40487336205367336,"train_logloss":0.00123149013378897}