{"_runtime":5.059743975,"Max S/sqrt(B)":3.328657775074474,"Acceptance":0.3796261129477281,"_step":242,"train_logloss":0.0012506824818928,"Test ROC AUC":0.9798862256829443,"bdtscore2 cut":0.03,"_timestamp":1.7512634662296028e+09,"iteration":241,"_wandb":{"runtime":5},"test_logloss":0.00127028127358444}