{"Test ROC AUC":0.9763377458911237,"Max S/sqrt(B)":3.94932794267017,"_timestamp":1.7509824226189644e+09,"_runtime":9.647161565,"_step":0,"_wandb":{"runtime":9}}