{"_timestamp":1.7509822779744804e+09,"_runtime":8.594559445,"_step":0,"Test ROC AUC":0.9776818366288287,"Max S/sqrt(B)":3.6159397352655778,"_wandb":{"runtime":8}}