{"_step":0,"_wandb":{"runtime":12},"Test ROC AUC":0.979457824764364,"Max S/sqrt(B)":5.108276540784571,"_timestamp":1.750982496690081e+09,"_runtime":12.262991824}