{"Acceptance":1,"iteration":23,"Max S/sqrt(B)":0.32307960704047073,"test_logloss":0.10173936092407736,"_step":24,"train_logloss":0.10173421748743802,"_wandb":{"runtime":5},"bdtscore2 cut":0,"_timestamp":1.7512635278963196e+09,"Test ROC AUC":0.8772935868398464,"_runtime":5.190906556}