{"_timestamp":1.7509824650994174e+09,"_runtime":11.229127082,"_step":0,"_wandb":{"runtime":11},"Test ROC AUC":0.9794785237993597,"Max S/sqrt(B)":4.612131285359841}