{"test_logloss":0.00126477846901468,"Test ROC AUC":0.9804075547722985,"_wandb":{"runtime":5},"_timestamp":1.7512634870435586e+09,"train_logloss":0.0012244147560329,"iteration":246,"bdtscore2 cut":0.03,"Max S/sqrt(B)":3.513927886254275,"_runtime":5.320311319,"_step":247,"Acceptance":0.4089038347657018}