{"_runtime":6.729184009,"_step":0,"_wandb":{"runtime":6},"Test ROC AUC":0.9718840204768393,"Max S/sqrt(B)":3.0605827772798007,"_timestamp":1.7509823633163013e+09}