{"_timestamp":1.7509825188200934e+09,"_runtime":8.842478876,"_step":0,"_wandb":{"runtime":8},"Test ROC AUC":0.9784472423310333,"Max S/sqrt(B)":4.079218482645281}