{"_wandb":{"runtime":7},"Test ROC AUC":0.8713023410651574,"Max S/sqrt(B)":2.735761104001366,"_timestamp":1.7509822919408643e+09,"_runtime":7.167398543,"_step":0}