{"bdtscore2 cut":0.02,"Max S/sqrt(B)":3.363900669889491,"_runtime":5.316154285,"_step":254,"test_logloss":0.00127269802683464,"Test ROC AUC":0.9797162980828891,"iteration":253,"_wandb":{"runtime":5},"Acceptance":0.4961753436638235,"_timestamp":1.7512634253497415e+09,"train_logloss":0.0012470387193925}