{"_wandb":{"runtime":16},"_timestamp":1.7509822202012913e+09,"_runtime":16.785597128,"_step":0,"Test ROC AUC":0.9771583158150579,"Max S/sqrt(B)":3.2945528359040743}