{"test_auc":0.9608069346559818,"train_logloss":0.10771083135873699,"Test ROC AUC":0.9610299599782107,"test_error":0.10658545012419302,"Test Accuracy":0.969617122112693,"ROC Curve":{"_type":"image-file","sha256":"552512761370e5d949c548c5e9571e28a1bcf87dc66fd8b7d3142b1eb4726bac","size":41104,"path":"media/images/ROC Curve_113_552512761370e5d949c5.png","format":"png","width":700,"height":700},"test_logloss":0.2835608182149133,"Train ROC AUC":0.988943259380745,"iteration":110,"_step":113,"Train Accuracy":0.969626304576841,"Train LogLoss":0.11158756461636689,"train_auc":0.9896396739216365,"_runtime":237.485007605,"_timestamp":1.7452477786553116e+09,"Best CV neg_log_loss":0.9797220693744484,"Test LogLoss":0.27910321454805836,"_wandb":{"runtime":240},"train_error":0.02714104121440557}