{"bdtscore2 cut":0.11,"_timestamp":1.7509842314696822e+09,"_runtime":9.222703867,"_step":0,"Test ROC AUC":0.9798638157119728,"Max S/sqrt(B)":4.730192595389645,"_wandb":{"runtime":9},"Acceptance":0.16725860641521664}