{"iteration":627,"train_logloss":0.00097739976992987,"Test ROC AUC":0.9801132552696518,"_wandb":{"runtime":17},"_timestamp":1.750985284901976e+09,"Max S/sqrt(B)":7.335980682443994,"bdtscore2 cut":0.14,"_runtime":17.833461753999998,"test_logloss":0.00129696838109515,"_step":628,"Acceptance":0.1764116848954311}