{"_step":172,"_runtime":7.843918287,"bdtscore2 cut":0.03,"Acceptance":0.41955433041158846,"_timestamp":1.7509855098953612e+09,"train_logloss":0.00121839745609303,"_wandb":{"runtime":7},"iteration":171,"Test ROC AUC":0.9758114995350017,"Max S/sqrt(B)":3.5287908459204793,"test_logloss":0.00131950734042644}