{"test_logloss":0.00753120002616507,"Test ROC AUC":0.9558839253930885,"Best CV neg_log_loss":0.9779921922482437,"ROC Curve":{"path":"media/images/ROC Curve_224_ef8c26984db66bbe42ee.png","format":"png","width":700,"height":700,"_type":"image-file","sha256":"ef8c26984db66bbe42ee4fcdabbcb7057fc77ca2fc8e5f1cb5d04d9e4235c8d2","size":41291},"Test LogLoss":0.007524915183798961,"train_auc":0.9773535205524688,"test_auc":0.9556906472180502,"_step":224,"Train Accuracy":0.9984339362347928,"iteration":221,"train_logloss":0.00679638085096223,"_timestamp":1.7458027504942725e+09,"test_error":0.0014403214608031,"_runtime":218.85429151,"Test Accuracy":0.9984347406161647,"train_error":0.0015310779386734,"_wandb":{"runtime":48822},"Train ROC AUC":0.9770329937572559,"Train LogLoss":0.006817540568498999}