{"Max S/sqrt(B)":2.727424924674701,"_timestamp":1.7509824364983532e+09,"_runtime":8.239632564,"_step":0,"_wandb":{"runtime":8},"Test ROC AUC":0.9611758390143259}