{"_timestamp":1.7512634451542454e+09,"_runtime":4.4914301850000005,"train_logloss":0.00140677718014098,"iteration":137,"_step":138,"Max S/sqrt(B)":3.6033384930522403,"bdtscore2 cut":0.03,"_wandb":{"runtime":4},"Acceptance":0.41550873341575406,"Test ROC AUC":0.9717488797286373,"test_logloss":0.00144220399071506}