{"Train LogLoss":0.005918216761719841,"_runtime":3.915218262,"Test LogLoss":0.008007052324517573,"_wandb":{"runtime":35},"Train ROC AUC":0.9861654666537188,"_timestamp":1.7458521669334311e+09,"Test ROC AUC":0.9568698841074497,"Test Accuracy":0.9984319329760143,"_step":0,"Train Accuracy":0.9984339362347928}