{"_wandb":{"runtime":9},"_timestamp":1.750982396592007e+09,"_runtime":9.187890523,"_step":0,"Test ROC AUC":0.9743076346694626,"Max S/sqrt(B)":3.4309013054984128}