{"Max S/sqrt(B)":0.48403062888624393,"_step":13,"test_logloss":0.11240227724222292,"_runtime":8.282713263,"train_logloss":0.11240881166710853,"_wandb":{"runtime":8},"Test ROC AUC":0.807765349998876,"Acceptance":0.0016878457020688005,"bdtscore2 cut":0.12,"iteration":12,"_timestamp":1.7509852246552186e+09}