{"_timestamp":1.7509823269879496e+09,"_wandb":{"runtime":11},"_runtime":11.501467963,"_step":0,"Test ROC AUC":0.9777832879797734,"Max S/sqrt(B)":3.3542404775755843}