{"Acceptance":0.27027194864916304,"bdtscore2 cut":0.06,"Test ROC AUC":0.9760598049424071,"_wandb":{"runtime":11},"Max S/sqrt(B)":3.8137494695940837,"train_logloss":0.00118517894582539,"test_logloss":0.0013024626709551,"_runtime":11.416725432,"_step":381,"iteration":380,"_timestamp":1.7509853091448503e+09}