{"_timestamp":1.7509823745927896e+09,"_runtime":7.802471082,"_step":0,"Test ROC AUC":0.976040643492124,"Max S/sqrt(B)":3.3345128710773655,"_wandb":{"runtime":7}}