{"_step":0,"Test ROC AUC":0.9784660677588317,"Max S/sqrt(B)":4.494125478787001,"_timestamp":1.7509823502867591e+09,"_wandb":{"runtime":8},"_runtime":8.912826282}