{"_wandb":{"runtime":8},"Test ROC AUC":0.8306470784480497,"Max S/sqrt(B)":2.232873030772017,"_timestamp":1.7509823389615374e+09,"_runtime":8.085394,"_step":0}