{"_runtime":7.935269498,"_step":0,"Test ROC AUC":0.807681522287383,"Max S/sqrt(B)":2.561438887313484,"_wandb":{"runtime":7},"_timestamp":1.7509823849503388e+09}