{"Test ROC AUC":0.9765680847156574,"Max S/sqrt(B)":3.3285307866966303,"_timestamp":1.7509824492223756e+09,"_runtime":10.743934173,"_wandb":{"runtime":10},"_step":0}