{"_runtime":7.771431563,"_step":0,"Test ROC AUC":0.8307083803413895,"Max S/sqrt(B)":2.6720322254736444,"_timestamp":1.750982507492341e+09,"_wandb":{"runtime":7}}